finding_id,agent,section,question,standardized_verdict,raw_value,unit,trend,peer_verdict,score,penalty,confidence_1_to_5,materiality,evidence,red_flag_id,follow_up
01-001,01,Key Executives,CEO tenure and identity,Green,18,years,Stable,N/A,15,0,5,Medium,"FY2025 10-K/A Item 10",,"None"
01-002,01,Key Executives,CFO tenure and turnover,Amber,3,years,Stable since transition,N/A,8,0,4,Medium,"FY2025 10-K/A Item 11 + web",,"Confirm no further CFO change"
01-003,01,Management Stability,Senior-exec departures,Amber,4,departures,Deteriorating,N/A,6,-4,3,High,"Web CNBC 2024/2025",RF-MGT-002,"Confirm disclosure, bench depth"
01-004,01,Management Stability,CEO succession framework,Red,2,of 12 tranches,N/A,N/A,2,-3,5,High,"FY2025 10-K/A CDA footnote 1",RF-MGT-003,"Ask if board has independent plan"
01-005,01,Promise vs Delivery,Delivery-growth 2025 promise,Red,-8.5,%YoY,Deteriorating,N/A,3,-10,5,High,"Q4-2024 update p12; CIQ",RF-DISC-001,"Track FY2026 commentary"
01-006,01,Promise vs Delivery,FSD Europe/China 2025 promise,Red,0,of 2 markets,Missed,N/A,2,-8,5,Critical,"Q4-2024/2025 updates",RF-DISC-001,"Track EU/China timeline"
01-007,01,Promise vs Delivery,Robotaxi US 2025 promise,Amber,1,city,Partial late,N/A,5,0,4,High,"Q4-2025 update",,"Track expansion pace"
01-008,01,Promise vs Delivery,2018 CEO award milestones,Green,12,of 12 tranches,Kept,N/A,10,0,5,Medium,"FY2025 10-K/A footnote 4",,"None"
01-009,01,Promise vs Delivery,FY2026 capex floor,N/A,8527,$mm context,Not yet due,Street above floor,0,0,3,Medium,"Q1/Q2 2026 transcripts",,"Check FY2026 actual"
01-010,01,Turnaround/Integrity,Turnaround test,N/A,,,,,0,0,4,Medium,"Q1/Q2 transcripts; BM/07",,"None"
01-011,01,Integrity Test,Securities-fraud class action,Red,1,active suit,Unresolved,N/A,0,-15,3,Critical,"Q2 FY26 10-Q Note 11",RF-MGT-005,"Track motion to dismiss"
01-012,01,Key Executives,CEO ownership stake,Green,20.3,%,Stable,N/A,5,0,5,High,"FY2025 10-K/A Item 12",,"None"
01-013,01,Management Stability,Musk Jun-2026 exercise,Amber,94,%retained,N/A,N/A,3,0,3,Medium,"CIQ Insider Trading 2026-06-16",,"Confirm 10b5-1 status"
01-014,01,Key Executives,Board independence context,Green,2,non-indep directors,Stable,N/A,3,0,5,Medium,"FY2025 10-K/A",,"None"
02-001,02,Uses of Capital,Capex % of CFO,Amber,61.4,%,Rising,N/A,6,0,5,High,"CIQ Cash Flow tab",,"Track FY2026 EBIT conversion"
02-002,02,M&A Scorecard,Controlling M&A FY21-25,Green,0,deals,Stable zero,N/A,18,0,5,High,"CIQ Cash Acquisitions row",,"None"
02-003,02,M&A Scorecard,SpaceX related-party investment,Red,2000,$mm,New,N/A,4,-6,4,Medium,"Q2 FY26 10-Q Note 13",RF-CAP-001,"Track independent process"
02-004,02,Buyback Scorecard,Shares repurchased FY21-LTM,Red,0,$mm/yr,Stable zero,N/A,2,-8,5,High,"CIQ Cash Flow tab",RF-CAP-002,"Confirm authorization status"
02-005,02,Buyback Scorecard,Net share-count change,Red,27.4,%increase,Rising,N/A,2,-5,5,High,"CIQ Balance Sheet tab",RF-CAP-002,"Quantify FY25 jump split"
02-006,02,Dividends,Payout ratio,N/A,0,%,Stable zero,N/A,5,0,5,Medium,"CIQ Cash Flow tab",,"None"
02-007,02,Organic Reinvestment,Capex/depreciation intensity,Amber,2.00,x LTM,Rising,N/A,5,0,4,High,"BM/11 sec1",,"Monitor conversion"
02-008,02,Organic Reinvestment,Incremental ROIC EBIT,Red,-3.8,%,Negative,N/A,1,-10,4,Critical,"CIQ IS+CapStructure",,"Track FY26 EBIT"
02-009,02,Organic Reinvestment,Incremental ROIC NOPAT,Red,-4.6,%,Negative,N/A,1,-3,3,Critical,"CIQ IS tab",,"Same as 02-008"
02-010,02,Organic Reinvestment,Return on Capital level,Red,2.75,%LTM,Deteriorating,N/A,1,-2,4,High,"CIQ Ratios; BM/07",,"None"
02-011,02,Per-Share Value,Diluted EPS trend,Red,1.08,$,-70% from peak,N/A,1,-4,5,Critical,"Earnings/01",,"Track FY26 EPS"
02-012,02,Balance-Sheet Prudence,Net debt strict vs broad,Amber,861,$mm,Deteriorating strict,N/A,6,0,5,Medium,"Earnings/01; CIQ",,"Monitor gap"
02-013,02,Balance-Sheet Prudence,Debt/EBITDA trend,Amber,1.64,xLTM,Rising,N/A,4,0,4,Medium,"BM/11 sec1",,"None"
02-014,02,Uses of Capital,Cash/ST-investment buildup,Amber,39.0,%,Rising,N/A,,0,5,Medium,"CIQ Cash Flow tab",,"None"
03-001,03,Comp Structure,CEO cash comp size-neutral,Green,0,$,Stable,N/A,18,0,5,High,"FY2025 10-K/A p9",,"None"
03-002,03,Comp Structure,2025 award magnitude,Amber,423743904,shares,Escalating,N/A,2,-3,5,High,"FY2025 10-K/A p10-11",,"Is follow-on likely?"
03-003,03,Performance Metrics,2025 milestones per-share,Red,0,of 12,Unchanged,N/A,3,-5,5,High,"FY2025 10-K/A p11-12",,"Per-share overlay?"
03-004,03,Performance Metrics,Market-cap hurdle nets dilution,Red,10.7,%dilution,Compounding,N/A,2,-5,4,High,"FY2025 10-K/A; BM/11",,"Per-share-adjusted disclosure?"
03-005,03,Pay vs Performance,CEO pay ratio,Amber,2522203,ratio,Sharp step-up,Worse than peer,2,-3,5,High,"FY2025 10-K/A p21",,"None"
03-006,03,Pay vs Performance,CEO realized comp 2025,Green,0,$,Stable zero,N/A,15,0,5,High,"FY2025 10-K/A p17",,"None"
03-007,03,Comp Structure,CFO pay lumpiness,Amber,139472935,$FY24,Highly lumpy,N/A,12,-2,5,Medium,"FY2025 10-K/A",,"None"
03-008,03,Performance Metrics,CFO/SVP metric linkage,Amber,80,%options,Consistent,N/A,10,-3,5,Medium,"FY2025 10-K/A p8",,"None"
03-009,03,Performance Metrics,Annual bonus scorecard,Amber,0,of 3 NEOs,Unchanged,N/A,8,-2,5,Medium,"FY2025 10-K/A",,"None"
03-010,03,Pay vs Performance,Say-on-pay support,Amber,70,%approval,N/A,Worse than peer,5,-2,4,High,"FY2025 10-K/A p7",,"Track 2026 result"
03-011,03,Pay vs Performance,Pay litigation controversy,Amber,1,event,Ongoing,N/A,3,-3,5,High,"FY2025 10-K/A p13-15",,"None"
03-012,03,Pay vs Performance,CEO pay vs peers,Red,158359009867,$,N/A,Worse than peers,1,-4,2,High,"Web Detroit News 2026",,"None"
03-013,03,Performance Metrics,2018 award metric composition,Amber,12,of 12,Kept,N/A,3,-3,5,Medium,"FY2025 10-K/A p13-15",,"None"
03-014,03,Pay vs Performance,Clawback policy,Green,1,policy,N/A,N/A,12,0,5,Medium,"FY2025 10-K/A p7",,"None"
04-001,04,Ownership,CEO ownership 10-K/A basis,Green,20.3,%,Stable-rising,N/A,24,0,5,High,"FY2025 10-K/A Item 12",,"None"
04-002,04,Ownership,CEO ownership current CIQ,Green,29.9,%,Rising,N/A,,0,4,High,"CIQ Ownership Summary",,"None"
04-003,04,Ownership,Total insider ownership,Amber,28.53,%,Rising,N/A,,0,4,Medium,"CIQ; 10-K/A",,"None"
04-004,04,Ownership,Directors+officers as group,Green,20.5,%,N/A,N/A,,0,5,Medium,"FY2025 10-K/A",,"None"
04-005,04,Ownership quality,Bought vs granted,Amber,717112739,shares,N/A,N/A,7,0,5,High,"FY2025 10-K/A footnote2",,"None"
04-006,04,Insider transactions,CEO open-market purchase,Green,999959042,$,Single event,N/A,,0,4,High,"CIQ Insider Trading 2025-09-15",,"None"
04-007,04,Ownership,Institutional ownership total,Green,41.71,%,N/A,N/A,,0,4,Medium,"CIQ Ownership Summary",,"None"
04-008,04,Ownership,Top 5% holders,Green,6.1,%,Stale,N/A,,0,3,Low,"FY2025 10-K/A footnote3",,"Confirm current Vanguard aggregate"
04-009,04,Insider transactions,2018-award exercise,N/A,303960630,shares,One-time,N/A,,0,5,High,"CIQ Insider Trading 2026-06-17",,"None"
04-010,04,Insider transactions,Kimbal Musk sale,Amber,-25606501,$,Single event,N/A,,0,4,Low,"CIQ Insider Trading 2025-12-12",,"None"
04-011,04,Insider transactions,Tom Zhu sale,Amber,-7275100,$,Single event,N/A,,0,4,Medium,"CIQ Insider Trading 2025-09-12",RF-MKT-001 candidate,"Confirm no MNPI access"
04-012,04,Insider transactions,Recurring sell-to-cover,Green,9,events,Recurring,N/A,,0,3,Low,"CIQ multiple Form4s",,"None"
04-013,04,Pledging,CEO shares eligible to pledge,Amber,28.9,%,N/A,N/A,16,0,5,High,"FY2025 10-K/A footnote2",,"Monitor pledged ratio"
04-014,04,Pledging,Aggregate collateralized loan,Green,1,%upper bound,N/A,N/A,,0,5,High,"FY2025 10-K/A",,"None"
04-015,04,Pledging,Kimbal Musk pledge ratio,Amber,100,%,N/A,N/A,,0,5,Low,"FY2025 10-K/A footnote10",,"None"
04-016,04,Control structure,Dual-class shares,Green,0,classes,Stable,N/A,,0,5,High,"FY2025 10-K/A",,"None"
04-017,04,Control structure,Voting Agreement,Amber,423743904,shares,Converts to CEO,N/A,5,0,5,High,"FY2025 10-K/A",,"Track tranche certification"
04-018,04,Control structure,Unaligned-owner test,N/A,0,triggers,N/A,N/A,,0,5,High,"FY2025 10-K/A; Q2 10-Q; BM/11",,"See 05 for RPT depth"
04-019,04,Institutional trend,Vanguard apparent exit,N/A,-258925024,shares,Reorg artifact,N/A,8,0,4,Medium,"CIQ; 10-K/A footnote3",,"None"
04-020,04,Market conduct,Unusual price/volume,Insufficient Data,,,,,,0,1,Low,"None in pool",,"Source surveillance dataset"
05-001,05,Board Composition,Board size,Green,9,directors,Stable,N/A,3,0,5,Low,"FY2025 10-K/A Item 10",,"None"
05-002,05,Board Composition,Independent directors %,Green,77.8,%,Stable,N/A,12,0,5,High,"FY2025 10-K/A",,"None"
05-003,05,Board Composition,Chair/CEO split,Green,1,indep chair,Stable,N/A,3,0,5,Medium,"FY2025 10-K/A",,"None"
05-004,05,Board Composition,Audit Committee independence,Green,4,of4,Stable,N/A,4,0,5,High,"FY2025 10-K/A",,"None"
05-005,05,Board Composition,Comp Committee judgment,Amber,3,of3 indep,N/A,N/A,5,0,3,High,"FY2025 10-K/A; web",RF-SHR-001,"Track future moderation"
05-006,05,Tenure,Average director tenure,Amber,11.1,years,N/A,N/A,5,0,4,Medium,"FY2025 10-K/A calc",,"None"
05-007,05,Tenure,CEO overboarding,Red,5,other roles,N/A,N/A,1,-3,5,High,"FY2025 10-K/A",,"Monitor vs misses"
05-008,05,Tenure,Straubel independence-in-substance,Amber,1,director,N/A,N/A,2,0,4,Medium,"FY2025 10-K/A",,"Confirm recusal"
05-009,05,Tenure,Board refreshment,Green,3,of9,Improving,N/A,4,0,5,Medium,"FY2025 10-K/A",,"None"
05-010,05,RPT,Recurring commercial RPT,Green,0.6,%revenue,N/A,N/A,10,0,4,Low,"FY2025 10-K/A",,"None"
05-011,05,RPT,SpaceX equity investment,Amber,2.4,%net worth,New,N/A,5,0,4,Medium,"FY2025 10-K/A; CIQ",RF-RPT-002,"Track further flows"
05-012,05,RPT,CEO security firm,Amber,6.1,$mm,N/A,N/A,2,0,4,Low,"FY2025 10-K/A",,"None"
05-013,05,RPT,Derivative litigation,Red,3,suits,Unresolved,N/A,1,-2,3,High,"Q2 FY26 10-Q",RF-RPT-002,"Track appeal"
05-014,05,Takeover Defenses,Classified board,Red,3,classes,Stable,N/A,1,-3,5,High,"FY2025 10-K/A",RF-SHR-002,"Track declassification"
05-015,05,Takeover Defenses,Dual-class voting,Green,1,class,Stable,N/A,5,0,5,High,"FY2025 10-K/A",,"None"
05-016,05,Takeover Defenses,Supermajority bylaw,Red,66.7,%,N/A,N/A,0,-2,2,High,"Web, uncorroborated",RF-SHR-002,"Verify bylaws text"
05-017,05,Takeover Defenses,DE-to-TX reincorporation,Red,1,event,N/A,N/A,1,-3,5,Critical,"Q2 FY26 10-Q",RF-SHR-002,"Confirmed - none"
05-018,05,Takeover Defenses,3% derivative-suit threshold,Red,3,%shares,N/A,N/A,0,-3,2,Critical,"Web, uncorroborated",RF-SHR-002,"Verify bylaws - top priority"
05-019,05,Shareholder Voting,2025 award vote,Red,75,%approved,N/A,N/A,1,-3,3,High,"Web CNBC; 10-K/A",RF-SHR-001,"Track future say-on-pay"
05-020,05,Shareholder Voting,Proxy-advisor recs,Red,2,of2 against,N/A,N/A,0,-2,2,High,"Web Bloomberg",RF-SHR-001,"Track future recs"
05-021,05,Shareholder Voting,2024 declassification vote,Amber,54,%support,N/A,N/A,2,0,2,High,"Web, uncorroborated",RF-SHR-002,"Verify primary source"
05-022,05,Shareholder Voting,2022 majority-vote proposal,Green,98,%support,N/A,N/A,3,0,2,Medium,"Web, uncorroborated",,"Verify post-reincorp status"
05-023,05,Shareholder Voting,Dilution shares outstanding,Amber,56,%increase,Rising,N/A,2,0,4,High,"BM/11 sec1",RF-SHR-002,"Cross-ref 02"
05-024,05,Shareholder Voting,Poison pill,N/A,0,none,N/A,N/A,3,0,3,Low,"Web; not in pool",,"None"
05-025,05,Shareholder Voting,Pledging policy caps,Green,25,%CEO cap,Stable,N/A,3,0,5,Low,"FY2025 10-K/A",,"None"
06-001,06,Owning the Misses,Delivery-growth promise,Red,0,acknowledgments,Not improving,N/A,3,-5,4,High,"Q1 2026 transcript verbatim",RF-DISC-001,"Track FY26 commentary"
06-002,06,Owning the Misses,FSD Europe/China promise,Red,0,acknowledgments,Not improving,N/A,3,-5,4,Critical,"Q1 2026 transcript verbatim",RF-DISC-001,"Track EU/China timeline"
06-003,06,Owning the Misses,Q2 2026 CFO specificity,Green,5,drivers named,Consistent,N/A,9,0,5,High,"Q2 2026 transcript verbatim",,"None"
06-004,06,Owning the Misses,Q2 2026 CEO tone,Red,1,positive-framing instance,N/A,N/A,1,-6,5,Critical,"Q2 2026 transcript verbatim",RF-DISC-001,"Compare to next miss"
06-005,06,Non-GAAP,GAAP-to-Adj-EBITDA gap,Red,39.0,%,Persistent,Exceeds threshold,3,-6,5,High,"Earnings/06",RF-DISC-002,"Monitor trend"
06-006,06,Non-GAAP,Recurring tax-valuation releases,Amber,2,occurrences,Recurred once,N/A,4,-2,4,Medium,"Earnings/06",RF-DISC-002,"Watch 3rd occurrence"
06-007,06,Non-GAAP,Recurring restructuring charges,Amber,5,of9 years,Frequent,N/A,4,-2,4,Medium,"Earnings/06",RF-DISC-002,"None further"
06-008,06,Disclosure Transparency,Segment op-income disclosure,Red,0,of3 segments,Not improving,N/A,2,-4,4,High,"BM/03",RF-DISC-002,"Track disclosure changes"
06-009,06,Disclosure Transparency,Definitional-change frequency,Amber,4,changes,Frequent,N/A,5,-2,4,Medium,"Earnings/06",RF-DISC-002,"None further"
06-010,06,Tone in Bad Times,Q&A evasiveness,Red,0,of6 questions,N/A,N/A,2,-5,4,High,"Q2 2026 transcript verbatim",RF-DISC-001,"Track next quarter"
06-011,06,Tone in Bad Times,Merger question deflection,Amber,1,deflection,N/A,N/A,3,-1,4,Medium,"Q2 2026 transcript; BM/12",,"Track corporate action"
06-012,06,Candor Read,Integrity signal weighted,Red,1,active class action,Unresolved,N/A,0,-10,3,Critical,"01 sec4A; Q2 FY26 10-Q Note11",RF-MGT-005,"Track motion to dismiss"
