source_id,source_type,filename_or_filing,period,page_or_section,date,confidence_1_to_5,used_for
S-01,Audited annual filing,Form 10-K (FY2024),FY ended 2024-12-31,"Full filing; Items 1-14; Notes 1-18; Note 15 (segments); Note 16 (share-based comp); Note 18 (Commitments and Contingencies); Item 5; Item 9; Item 12; auditor's report; ICFR attestation",2025-02-18,5,"Auditor read (08); accounting forensics battery (11); contingent liabilities (10); capital allocation (02); management track record (01); ownership derivation (04); RPT nil legs (09)"
S-02,Annual-filing exhibit,FY24 10-K Exhibit 21 (Subsidiaries),2024-12-31,Exhibit 21,2025-02-18,5,"Group structure 137 entities 33 jurisdictions (09); brand ownership at nVent Services GmbH (07); component-auditor coverage (08)"
S-03,Annual-filing exhibit,FY24 10-K Exhibit 4.7 (Description of Share Capital),FY2024,Exhibit 4.7,2025-02-18,5,"One share one vote; 20m blank-cheque preferred; pre-emption opt-out; Irish Takeover Rules (04 05)"
S-04,Annual-filing exhibit,FY24 10-K Exhibit 19 (Insider Trading Policy),FY2024,Exhibit 19,2025-02-18,5,Pledging and hedging prohibition; 0% pledged (04 02)
S-05,Annual-filing exhibit,FY24 10-K Exhibit 97 (nVent Electric plc Recovery Policy),FY2024,Exhibit 97,2025-02-18,5,Rule 10D-1 clawback (03 08)
S-06,Annual-filing exhibit,"FY24 10-K Exhibits 10.14, 10.22-10.24",FY2024,Award and director-compensation agreements,2025-02-18,5,Severance double-trigger recoupment director holding requirement (03)
S-07,Interim filing,Form 10-Q (Q1 FY26),Quarter ended 2026-03-31,"MD&A; Note 5 (acquisitions); Note 13; Note 15 (Commitments and Contingencies)",2026-05-01,5,"Segment margin decline owned (06); contingency movement (10); perimeter (09)"
S-08,Interim filing,Form 10-Q (Q2 FY26),Quarter ended 2026-06-30,"Condensed balance sheet; MD&A p.30; Note 5; Note 15; Obligor Group table; Item 1 Legal Proceedings",2026-07-31,5,"Net worth and leverage (11 02); contingencies and LC line (10); intercompany funding (09); legal proceedings (12)"
S-09,Benefit-plan filing,Form 11-K,Plan FY ended 2025-12-31,Plan financial statements; auditor change,2026,4,401(k) plan holding of nVent shares; plan-auditor change Deloitte to Crowe (04 08)
S-10,Transcript,Q1 FY26 earnings call (verbatim),FQ1 2026,Prepared remarks and Q&A,2026-05-01,3,"Candor tone Q&A transparency (06); promise-vs-delivery (01)"
S-11,Transcript,Q2 FY26 earnings call (verbatim),FQ2 2026,Prepared remarks and Q&A,2026-07-31,3,"Candor tone Q&A transparency (06); tariff and capex guidance (01 02)"
S-12,Investor deck,Q1 FY26 earnings presentation,FQ1 2026,Adjusted-measure framing,2026-05-01,3,Non-GAAP framing (06)
S-13,Investor deck,William Blair conference presentation,-,"Slide 7 mid-term targets",2026-06-03,3,Mid-term targets and promise-vs-delivery (01 06)
S-14,Company press release,Maverick Power acquisition announcement,-,Full release,2026-08-24,3,"$1.75bn + up to $550m earnout; stated multiple and accretion test (02 10 07)"
S-15,Vendor export (tier 5),Capital IQ Financials workbook (13 tabs),FY2022A-FY2025A + LTM Jun-30-2026A,"Income Statement; Balance Sheet; Cash Flow; Ratios; Key Stats",~2026-07,3,"Multi-year trajectory; ROIC; buyback and dividend history; FY2025 unaudited corroboration (01 02 11)"
S-16,Vendor export (tier 5),Capital IQ Estimates workbook (7 tabs),FY2026E-FY2028E,"Guidance tab; Surprise tab; Consensus tab",post-Q2-FY26,3,"Guidance-and-delivery record; surprise base rate; analyst coverage count (01 04 06)"
S-17,Vendor sidecar,ciq_facts.json (deterministic facts sidecar),FY2021-LTM Jun-2026,"multi_year_trajectory; margin_trend; top_institutional_holders (missing); institutional_ownership_trend (missing)",2026-09-07,3,"ROIC EBITDA and margin series (01 02); ownership gaps recorded as missing not assumed (04)"
S-18,Proxy statement (outside frozen pool),nVent Electric plc DEF 14A,2026 AGM,"Board composition and independence; committees; attendance; skills matrix; evaluation; Related Person Transactions; director compensation",2026-03-31,4,"A1 A2 A5 A6 A10 items (05 07 09 12); retrieved from EDGAR through a fetch layer - confidence ceiling applied"
S-19,Material-event filing (outside frozen pool),Form 8-K Item 5.07 (2026 AGM voting results),2026 AGM,Item 5.07,2026-05-15,4,Institutional voting patterns; say-on-pay; director support (05)
S-20,Material-event filing (outside frozen pool),Form 8-K Item 5.07 (2025 AGM voting results),2025 AGM,Item 5.07,2025-05-16,4,Say-on-pay 95.2%; auditor ratification 0.48% against (03 05 08)
S-21,Regulator correspondence,SEC Division of Corporation Finance comment letter and responses,2024,"Segment reporting; non-GAAP reconciliation; measure labelling",2024-07-26,4,"A8-20 regulator-found divergence (11); A7-01 completeness (12)"
S-22,Court records,CourtListener federal docket sweep (nVent and lineage names),2021-09-07 to 2026-09-07,"10 dockets; Vertiv v. nVent D.Del. 1:26-cv-00839",2026-09-07,3,"A9-10 litigation-register reconciliation (12); person-level civil/criminal axes (07)"
S-23,Regulator register,SEC EDGAR enforcement + officer-and-director bar register,5-year lookback,Full-text and party search,2026-09-07,4,"A9-01 A9-07 (12); A16-03 A16-06 (07)"
S-24,Regulator register,SALI (SEC Action Lookup for Individuals) - 16 queries,All available,Per-person queries,2026-09-07,4,A16-06 securities-regulator actions per person (07)
S-25,Sanctions screen,OpenSanctions consolidated screen - 13 person screens + entity screens,Current,OFAC/UN/EU/Interpol consolidated,2026-09-07,4,"A16-09 (07); A9-08 (12) - 8 of 21 persons unscreened recorded as coverage-limited"
S-26,Regulator aggregate,Violation Tracker (US regulatory penalties),All available,"11 records $176422 aggregate; record-level breakdown 403",2026-09-07,3,A9-09 ESG/environmental/consumer penalties (12) - coverage-limited on record detail
S-27,Rating agency,Fitch Ratings rating action (BBB IDR / BBB senior unsecured Outlook Stable),24-month history,Rating action commentary,2025-09-22,4,A9-05 rating conduct (12)
S-28,Corporate registry,UK Companies House / Irish CRO previous-names and identity fields,Current,"Previous names; registered office; incorporation date",2026-09-07,4,"A17-02 former names (07); Ten Earlsfort Terrace address cluster (07)"
S-29,Regulator register,PCAOB register and PCAOB/SEC enforcement history (Deloitte & Touche LLP),All available,"PCAOB ID 34; 3 historical settled orders",2026-09-07,3,A4-13 regulator discipline of firm/partner (08)
S-30,Court records,Tupperware Brands Chapter 11 docket and 2023 restatement filings,2023-2024,"Restatement; ICFR material weaknesses; Chapter 11 2024-09-18",2026-09-07,3,"A16-08 A16-18 (07) - association basis for the Lead Director's Minor concerns grade"
S-31,Web (unverified tier 10),Plaintiff-firm notices re Pentair plc securities class actions (Kessler Topaz / Hagens Berman / BFA Law),2026,"S.D.N.Y. and D. Minn.; class period 2025-03-11 to 2026-07-14",2026-08-05 to 2026-08-23,1,"Predecessor lineage exposure read (07 2B.3; 12 Section 1A) - posture recorded verbatim; RF-NET-003 not fired"
S-32,Web (unverified),Insider-transaction and compensation aggregators,FY2024-FY2026,"Form 4 summaries; pay ratio ~307x; CEO pay; CAP multiple",2026-09-07,1,"Context only for 03 and 04 - fires no red flag and lifts no cap"
S-33,Cross-module output,analyses/NVT_2026-09-07/business-model/01_disqualifier-scan.md,2026-09-07,Section 3 Verdict-Lock Signal,2026-09-07,5,Disqualifier deference - no verdict-lock (99 00)
S-34,Cross-module output,analyses/NVT_2026-09-07/business-model/11_capital-allocation-governance.md,2026-09-07,Full,2026-09-07,4,"The quick-read this module supersedes; acquisition spend vs FCF baseline (00 02)"
S-35,Cross-module output,analyses/NVT_2026-09-07/business-model/12_red-flags-sweep.md,2026-09-07,Full,2026-09-07,4,"Two disclosed-item flags at 52 and 55 inverted - re-tested not re-adjudicated (00 12)"
S-36,Cross-module output,analyses/NVT_2026-09-07/business-model/08_competitive-map.md,2026-09-07,Section 2d,2026-09-07,4,"Peer ROIC band 13.3-13.6% (01 02); no governance peer metrics supplied (99 Section 5B)"
S-37,Cross-module output,analyses/NVT_2026-09-07/earnings/06_earnings-quality.md,2026-09-07,Accrual-flag table; CFO/EBITDA,2026-09-07,4,"CFO/EBITDA taken as published (11); accrual-flag cross-check (99)"
S-38,Cross-module output,analyses/NVT_2026-09-07/earnings/04_guidance-consensus.md,2026-09-07,Section 3,2026-09-07,4,Guidance-and-delivery track record (01 06)
S-39,Cross-module output,analyses/NVT_2026-09-07/balance-sheet-survival/01_capital-structure-and-leverage.md,2026-09-07,Debt stack,2026-09-07,4,A14-01 leverage hygiene (11)
S-40,Cross-module output,analyses/NVT_2026-09-07/balance-sheet-survival/05_off-balance-sheet-and-contingencies.md,2026-09-07,Full,2026-09-07,4,Solvency-lens read of leases guarantees and contingencies (10)
