finding_id,ticker,date,agent,section,question,standardized_verdict,raw_value,unit,current_period,prior_period,trend,peer_benchmark,peer_verdict,score,max_score,penalty,confidence_1_to_5,materiality,evidence,source_id,source_type,source_date,as_of_date,analyst_interpretation,red_flag_triggered,red_flag_id,follow_up_required
01-001,DHER,2026-08-12,01_management-and-track-record,Key Executives,Is the CEO a founder/owner-operator?,Green,1,founder-CEO,FY2024-2026,Since 2011,Stable,No peer set,NA,8,10,0,5,Medium,"FY24 Annual Report, p.10, p.327",S1,Annual filing,2025-04-25,2025-04-25,Founder-CEO continuity is a positive stability signal,False,,None
01-002,DHER,2026-08-12,01_management-and-track-record,Key Executives,CEO tenure,Green,15,years,2026,N/A,Stable,No peer set,NA,8,10,0,5,Medium,"FY24 Annual Report, p.10; FY2025 Earnings Call transcript, Mar 26 2026",S1,Annual filing,2025-04-25,2026-03-26,"Long, uninterrupted founder tenure",False,,None
01-003,DHER,2026-08-12,01_management-and-track-record,Key Executives,CFO tenure at time of report,Amber,1.6,years,2026-08-12,N/A,New,No peer set,NA,4,10,-3,5,Medium,"FY24 Annual Report, Note 10(a), p.207",S1,Annual filing,2025-04-25,2025-04-25,Short tenure relative to predecessor; too early to score a track record,False,,Track FY2026 CFO commentary for consistency
01-004,DHER,2026-08-12,01_management-and-track-record,Key Executives,CFO background pre-Delivery Hero,Insufficient Data,,,,,Not enough history,No peer set,NA,,,,2,Low,"Web: RTTNews/MarketScreener coverage, retrieved 2026-08-12 (unverified)",S11,Web,2026-08-12,2026-08-12,Filing does not disclose prior-career detail; web claim unverified,False,,Confirm via a future filing
01-005,DHER,2026-08-12,01_management-and-track-record,Management Stability,"Senior (CFO) departure, last 3 years",Red,7,months vacancy,2024-2025,N/A,Deteriorating then resolved,No peer set,NA,0,10,-6,5,High,"FY24 Annual Report, Note 10(a)-(b), p.206-207",S1,Annual filing,2025-04-25,2025-04-25,A 7-month gap at Management Board level is a material stability warning,False,,Confirm no repeat vacancy pattern
01-006,DHER,2026-08-12,01_management-and-track-record,Management Stability,"Supervisory Board churn, FY2024",Amber,5,of 8 seats changed,FY2024,FY2023,Deteriorating,No peer set,NA,3,10,-4,5,Medium,"FY24 Annual Report, Note 10(b), p.206-207",S1,Annual filing,2025-04-25,2025-04-25,Roughly half the Supervisory Board turned over in a single year,False,,Track board-composition stability going forward
01-007,DHER,2026-08-12,01_management-and-track-record,Management Stability,CEO/COO contract renewal (continuity signal),Green,3,years extended (to 2029),2026-01,Original terms expiring 2026,Improving,No peer set,NA,7,10,0,2,Medium,"Web: Delivery Hero newsroom coverage, retrieved 2026-08-12 (unverified)",S12,Web,2026-08-12,2026-01,"A positive continuity signal, sourced to web and labeled unverified",False,,Confirm via next Annual Report
01-008,DHER,2026-08-12,01_management-and-track-record,Promise vs Delivery,FY2023 Adjusted EBITDA guidance vs actual,Green,253.6,EURm actual vs 250m guide,FY2023,,Kept,No peer set,NA,9,10,0,4,Medium,earnings/04_guidance-consensus.md §6,S10,Cross-module,2026-08-12,2026-08-05,"Beat by 1.4%, a real kept promise",False,,None
01-009,DHER,2026-08-12,01_management-and-track-record,Promise vs Delivery,FY2024 Adjusted EBITDA guidance vs actual,Green,692.5,EURm actual vs 693m guide,FY2024,,Kept,No peer set,NA,9,10,0,4,Medium,earnings/04_guidance-consensus.md §6,S10,Cross-module,2026-08-12,2026-08-05,"In-line, tightly tracked",False,,None
01-010,DHER,2026-08-12,01_management-and-track-record,Promise vs Delivery,FY2025 Adjusted EBITDA guidance vs actual,Green,903,EURm actual vs 900-940m guide,FY2025,,Kept,No peer set,NA,8,10,0,4,Medium,earnings/04_guidance-consensus.md §6,S10,Cross-module,2026-08-12,2026-08-05,Landed near low end but inside guided range - third straight year hit,False,,None
01-011,DHER,2026-08-12,01_management-and-track-record,Promise vs Delivery,FY2024 Free Cash Flow guidance vs actual,Amber,358.8,EURm reported vs 50-100m guide,FY2024,,"Headline beat, not clean",No peer set,NA,4,10,-3,4,High,"earnings/04_guidance-consensus.md §2,§6; business-model/12_red-flags-sweep.md",S10,Cross-module,2026-08-12,2026-08-05,Beat driven by one-off Uber Taiwan breakup fee and debt-modification gain,False,,Normalize FCF for one-offs in FY2026 tracking
01-012,DHER,2026-08-12,01_management-and-track-record,Promise vs Delivery,FY2025 Free Cash Flow guidance vs actual,Red,-246,EURm reported vs ~120m point guide,FY2025,FY2024,Deteriorating,No peer set,NA,1,10,-6,4,High,"earnings/04_guidance-consensus.md §2,§6",S10,Cross-module,2026-08-12,2026-08-05,~EUR366m miss on reported figure; guide basis excludes items reported figure includes,False,,Watch FY2026 FCF guide for repeat definitional gap
01-013,DHER,2026-08-12,01_management-and-track-record,Promise vs Delivery,Korea regain-growth promise vs FY2025 outcome,Green,1,qualitative promise kept,FY2025,FY2024,Improving,No peer set,NA,6,10,0,3,Medium,FY24 Annual Report CEO letter p.9; FY2025 Earnings Call transcript,S1,Annual filing / transcript,2026-03-26,2026-03-26,"Delivered, but only in H2 of the promised year",False,,None
01-014,DHER,2026-08-12,01_management-and-track-record,Promise vs Delivery,Street EPS Normalized estimate track record,Red,5,consecutive FY misses,FY2025,FY2021-2024,Deteriorating pattern,No peer set,NA,1,10,-6,4,High,earnings/04_guidance-consensus.md §6,S10,Cross-module,2026-08-12,2026-08-05,Not a company promise but a real execution/candor-context signal,False,,Track FY2026 EPS outcome vs Street
01-015,DHER,2026-08-12,01_management-and-track-record,Turnaround Test,Years of delivered operating inflection (GAAP operating profit),Amber,1,fiscal year,FY2025,FY2021-2024 losses,"Improving, unproven",No peer set,NA,3,10,-4,4,High,business-model/07_business-quality.md; business-model/12_red-flags-sweep.md,S8,Cross-module,2026-08-12,2026-08-12,Below the Filter 2 bar of 2-3 years proven inflection on the metric that matters,True,RF-MGT-004,Confirm FY2026 statutory operating profit sustains without one-off flattering items
01-016,DHER,2026-08-12,01_management-and-track-record,Integrity Test,Unresolved adverse integrity buzz routed from disqualifier scan,Not Applicable,0,none found,2026-08-12,,,No peer set,NA,,,,5,Low,business-model/01_disqualifier-scan.md; business-model/12_red-flags-sweep.md,S7,Cross-module,2026-08-12,2026-08-12,No personal-integrity allegation surfaced against named executives,False,,None
02-001,DHER,2026-08-12,02_capital-allocation-scorecard,Uses of Capital,"Cumulative net M&A cash outflow, FY21-25",Amber,-901.0,EURm,FY2021-2025,N/A,N/A,No peer set,NA,4,10,-3,5,High,"Cash Flow tab, computed [1]",1,Data-vendor workbook,2026-08-10,2026-08-10,"1.8% of cumulative revenue used net on acquisitions, dwarfed by goodwill later written off",False,,None
02-002,DHER,2026-08-12,02_capital-allocation-scorecard,Uses of Capital,"Cumulative equity buybacks, FY21-25",Red,0.0,EURm,FY2021-2025,N/A,Flat,No peer set,NA,,,,5,High,Cash Flow tab [1],1,Data-vendor workbook,2026-08-10,2026-08-10,No shareholder-return mechanism offsetting 49.6% share-count growth,False,,None
02-003,DHER,2026-08-12,02_capital-allocation-scorecard,Uses of Capital,"Cumulative dividends, FY21-25",Not Applicable,0.0,EURm,FY2021-2025,N/A,Flat,No peer set,NA,,,,5,Medium,Cash Flow tab [1],1,Data-vendor workbook,2026-08-10,2026-08-10,Defensible given net losses; not a signal either way,False,,None
02-004,DHER,2026-08-12,02_capital-allocation-scorecard,M&A Scorecard,Woowa Brothers Corp. acquisition price,Insufficient Data,4.0,USD bn (web-sourced),2020-2021 close,N/A,N/A,No peer set,NA,,,,2,Critical,"Web (unverified): PYMNTS, Restaurant Dive, Verdict Food Service, retrieved 2026-08-12",9,Web,2026-08-12,2026-08-12,"Deal price not in pool's audited filings; web-sourced, unverified",False,,Confirm precise price via a pool-available historical annual report
02-005,DHER,2026-08-12,02_capital-allocation-scorecard,M&A Scorecard,Woowa-specific goodwill impairment since acquisition,Insufficient Data,0,EURm (not separately disclosed),FY2021-2025,N/A,N/A,No peer set,NA,,,,3,High,"FY24 Annual Report, Note F.1.b, p.161",2,Annual filing,2025-04-25,2025-04-25,Impairments disclosed by CGU not by original deal; cannot confirm Woowa-specific writedown,False,,Track CGU-level disclosure for a Woowa/Korea-specific line
02-006,DHER,2026-08-12,02_capital-allocation-scorecard,M&A Scorecard,Glovo acquisition price (majority-stake tranche),Insufficient Data,2.3,EUR bn valuation (web-sourced),"Announced 2021-12-31, closed 2022",N/A,N/A,No peer set,NA,,,,2,Critical,"Web (unverified): Bloomberg, TechCrunch, EU-Startups, CB Insights, retrieved 2026-08-12",10,Web,2026-08-12,2026-08-12,"Deal valuation not in pool's audited filings; web-sourced, unverified",False,,Confirm via a pool-available historical annual report
02-007,DHER,2026-08-12,02_capital-allocation-scorecard,M&A Scorecard,"Glovo-linked cumulative goodwill impairment, FY2023",Red,857.8,EURm,FY2023,FY2022,Deteriorating,No peer set,NA,1,10,-6,4,Critical,"FY24 Annual Report, Note F.1.b, p.161",2,Annual filing,2025-04-25,2025-04-25,Direct audited evidence Glovo-linked CGUs were overpaid for,True,RF-CAP-004,None - evidence already crystallized
02-008,DHER,2026-08-12,02_capital-allocation-scorecard,M&A Scorecard,Reconciliation: P&L vs balance-sheet-movement-table goodwill impairment FY2023,Amber,894.6,EURm,FY2023,N/A,N/A,No peer set,NA,3,10,-2,3,Medium,"FY24 Annual Report, Intangible Assets note, p.166",2,Annual filing,2025-04-25,2025-04-25,"~EUR37m gap between two figures in same filing, flagged not silently resolved",False,,Confirm scope difference directly with the notes if precision required
02-009,DHER,2026-08-12,02_capital-allocation-scorecard,M&A Scorecard,"Cumulative group goodwill impairment, FY2021-2025",Red,2054.0,EURm,FY2021-2025,N/A,Deteriorating pattern,No peer set,NA,1,20,-14,5,Critical,"FY24 Annual Report, Note F.1.b; Delivery Hero SE XTRA DHER Financials.xls, Income Statement tab",2,Annual filing / workbook,2025-04-25,2025-04-25,"Serial-acquirer value destruction, directly evidenced",True,RF-CAP-004,Monitor FY2026 for repeat pattern
02-010,DHER,2026-08-12,02_capital-allocation-scorecard,M&A Scorecard,Forced divestiture as condition of Woowa deal,Amber,1,qualitative event (web-sourced),2020,N/A,N/A,No peer set,NA,3,10,-3,2,High,"Web (unverified), retrieved 2026-08-12",9,Web,2026-08-12,2026-08-12,Korea antitrust regulator forced sale of pre-existing unit - real opportunity cost,False,,Confirm via pool-available historical filing
02-011,DHER,2026-08-12,02_capital-allocation-scorecard,M&A Scorecard,Foodpanda Taiwan divestiture attempt to Uber,Amber,950,USDm agreed (deal failed),"Agreed 2024-05, terminated 2025-03",N/A,Failed,No peer set,NA,4,10,-3,4,High,"FY24 Annual Report, p.161; business-model/12_red-flags-sweep.md",2,Annual filing / cross-module,2025-04-25,2025-04-25,Evidence of active portfolio pruning that failed on regulatory grounds,False,,None
02-012,DHER,2026-08-12,02_capital-allocation-scorecard,M&A Scorecard,Talabat 20% IPO placement value realized,Green,1803.5,EURm net consideration,Dec-2024,N/A,N/A,No peer set,NA,8,10,0,5,High,"FY24 Annual Report, Note 'Disclosures on Participations', p.161",2,Annual filing,2025-04-25,2024-12-10,"Genuine market-tested capital-recycling success, cleanest value-creative event in window",False,,None
02-013,DHER,2026-08-12,02_capital-allocation-scorecard,M&A Scorecard,Hungerstation NCI buyout,Green,276.8,EURm,2023,N/A,N/A,No peer set,NA,6,10,0,5,Medium,"FY24 Annual Report, Note 'Acquisitions and Divestitures', p.161",2,Annual filing,2025-04-25,2025-04-25,"Buy-in ahead of subsequently value-accretive Talabat listing, well-timed in hindsight",False,,None
02-014,DHER,2026-08-12,02_capital-allocation-scorecard,Buyback Scorecard,"Equity buyback existence, FY2020-2025",Red,0,years with a buyback program,FY2020-2025,N/A,Flat,No peer set,NA,0,20,-20,5,High,Cash Flow tab [1],1,Data-vendor workbook,2026-08-10,2026-08-10,No group-level equity buyback program has ever existed at DHER,False,,None
02-015,DHER,2026-08-12,02_capital-allocation-scorecard,Buyback Scorecard,"Share count change vs SBC dilution, FY2021-2025",Red,49.6,% increase,FY2021-2025,FY2020,Deteriorating,No peer set,NA,1,10,-6,5,High,"Balance Sheet tab, 'Total Shares Out.' [1]",1,Data-vendor workbook,2026-08-10,2026-08-10,~50% dilution with zero offset over five years,False,,Track FY2026 share count
02-016,DHER,2026-08-12,02_capital-allocation-scorecard,Buyback Scorecard,Convertible-bond repurchases distinguished from equity buybacks,Green,1347.9,EURm (2024+2025 combined),FY2024-2025,N/A,N/A,No peer set,NA,6,10,0,5,Medium,"FY24 Annual Report, Corporate Financing section, p.94-95",2,Annual filing,2025-04-25,2025-04-25,Shareholder-protective act (removes future dilution overhang) but not a share buyback,False,,None
02-017,DHER,2026-08-12,02_capital-allocation-scorecard,Dividends & Reinvestment,Payout ratio,Not Applicable,0,%,FY2020-2025,N/A,Flat,No peer set,NA,,,,5,Low,Cash Flow tab [1],1,Data-vendor workbook,2026-08-10,2026-08-10,Defensible given persistent net losses,False,,None
02-018,DHER,2026-08-12,02_capital-allocation-scorecard,Dividends & Reinvestment,Incremental ROIC computability,Insufficient Data,0,not computed,FY2021-2025,N/A,N/A,No peer set,NA,,,,4,High,"Balance Sheet tab, computed [1]; earnings/01_historical-financials.md",1,Data-vendor workbook / cross-module,2026-08-10,2026-08-10,"Invested-capital base shrank via write-offs and losses, not capital discipline; literal ROIC calc would mislead",False,,None
02-019,DHER,2026-08-12,02_capital-allocation-scorecard,Dividends & Reinvestment,Capex intensity vs D&A,Green,171.0,EURm FY2025 capex vs 360.9 EURm D&A,FY2025,FY2020,"Stable, low",No peer set,NA,8,10,0,5,Medium,Cash Flow tab [1],1,Data-vendor workbook,2026-08-10,2026-08-10,"Asset-light, disciplined organic spending",False,,None
02-020,DHER,2026-08-12,02_capital-allocation-scorecard,Dividends & Reinvestment,Book value per share trend,Red,-75.4,% change FY2021-FY2025,FY2025,FY2021,Deteriorating,No peer set,NA,1,10,-6,5,Critical,"Balance Sheet tab, 'Book Value/Share' [1]",1,Data-vendor workbook,2026-08-10,2026-08-10,Clearest per-share value-destruction signal in the dataset,False,,None
02-021,DHER,2026-08-12,02_capital-allocation-scorecard,Dividends & Reinvestment,Tangible book value per share,Red,-11.84,EUR/share FY2025,FY2025,FY2021 (-6.45),Deteriorating then flat,No peer set,NA,1,10,-6,4,Critical,"Balance Sheet tab, 'Tangible Book Value/Share' [1]",1,Data-vendor workbook,2026-08-10,2026-08-10,Negative in every year of the window; goodwill/intangibles dominate the balance sheet,False,,Confirm FY2025 figure against audited FY2025 annual report when published
02-022,DHER,2026-08-12,02_capital-allocation-scorecard,Balance-Sheet Prudence,Net debt trajectory (strict basis),Amber,2512.8,EURm,FY2025,FY2024 (1858.7),Deteriorating (refinancing-driven rise),No peer set,NA,5,10,-3,4,High,Capital Structure Summary tab,1,Data-vendor workbook,2026-03-26,2026-03-26,"Moderate leverage but rising after a low point, plus going-concern overhang not captured by the ratio",False,,Track FY2026 net debt against new 2032 term loan drawdown schedule
03-001,DHER,2026-08-12,03_incentives-and-compensation,Comp Structure,CEO FY2024 target total compensation,Amber,5176,"kEUR, target",FY2024,4525 (FY2023),Increasing (+14%),No peer set,NA,5,10,-1,5,Medium,"FY24 Annual Report, Compensation Report 2024, p.45",S1,Annual filing,2025-04-25,2025-04-25,Meaningful year-on-year increase; magnitude only assessable against a thin peer data point,False,,Confirm FY2025 target comp for continued escalation
03-002,DHER,2026-08-12,03_incentives-and-compensation,Comp Structure,CEO variable (at risk) share of target comp,Green,90,% of total,FY2024,92% (FY2023),"Stable, high",No peer set,NA,8,10,0,5,Medium,"FY24 Annual Report, Compensation Report 2024, p.45",S1,Annual filing,2025-04-25,2025-04-25,Most compensation is performance-contingent and equity-settled,False,,None
03-003,DHER,2026-08-12,03_incentives-and-compensation,Comp Structure,LTI weight vs approved 55-65% band,Green,61,% of CEO target comp,FY2024,"88% (FY2023, old system)",Structural change,No peer set,NA,6,10,0,5,Medium,"FY24 Annual Report, Compensation Report 2024, p.45",S1,Annual filing,2025-04-25,2025-04-25,New system rebalanced LTI weight down but still dominant component,False,,None
03-004,DHER,2026-08-12,03_incentives-and-compensation,Performance Metrics,STI growth-leg metric choice (Revenue/GMV/Gross Profit),Red,1,of 3 size-based options,FY2024 onward,ESG-only (pre-FY2024),New system,No peer set,NA,2,10,-4,4,High,"FY24 Annual Report, Compensation Report 2024, p.47-48",S1,Annual filing,2025-04-25,2025-04-25,"All three growth-leg options are absolute-size measures, not per-share; FY2024 selection undisclosed",False,,Confirm which metric the Supervisory Board selected for FY2024/FY2025
03-005,DHER,2026-08-12,03_incentives-and-compensation,Performance Metrics,STI profitability-leg metric choice (adj. EBITDA/EBITDA-Margin/FCF),Amber,1,of 3 mixed options,FY2024 onward,ESG-only (pre-FY2024),New system,No peer set,NA,5,10,-2,4,High,"FY24 Annual Report, Compensation Report 2024, p.47-48",S1,Annual filing,2025-04-25,2025-04-25,Menu includes one returns-type ratio alongside two absolute metrics; selection undisclosed,False,,Same as 03-004
03-006,DHER,2026-08-12,03_incentives-and-compensation,Performance Metrics,STI financial-KPI combined weight,Green,72.5,% of STI (midpoint of 70-75%),FY2024 onward,"0% (pre-FY2024, 100% ESG)",Improving,No peer set,NA,6,10,0,5,Medium,"FY24 Annual Report, Compensation Report 2024, p.47-48",S1,Annual filing,2025-04-25,2025-04-25,Financial performance now drives the majority of the STI for the first time,False,,None
03-007,DHER,2026-08-12,03_incentives-and-compensation,Performance Metrics,LTI relative TSR weight,Green,70,% of LTI,FY2024 onward,Not applicable (legacy LTIP had no TSR test),"New, positive",No peer set,NA,9,10,0,5,High,"FY24 Annual Report, Compensation Report 2024, p.49-50",S1,Annual filing,2025-04-25,2025-04-25,Strongest per-share alignment element in the structure,False,,Track first TSR performance-period outcome (2028 settlement)
03-008,DHER,2026-08-12,03_incentives-and-compensation,Performance Metrics,LTI cumulative operating cash flow weight,Amber,30,% of LTI,FY2024 onward,Not applicable,New,No peer set,NA,5,10,-2,5,Medium,"FY24 Annual Report, Compensation Report 2024, p.49-50",S1,Annual filing,2025-04-25,2025-04-25,"Absolute cash metric, not per-share, but a real cash-discipline test",False,,None
03-009,DHER,2026-08-12,03_incentives-and-compensation,Performance Metrics,Legacy LTIP (2018-2023) performance metric,Red,20,"% revenue CAGR threshold, binary",FY2018-FY2023 grants (vesting through 2029),,"Legacy, still vesting",No peer set,NA,1,10,-5,5,Critical,"FY24 Annual Report, Compensation Report 2024, p.50-53",S1,Annual filing,2025-04-25,2025-04-25,"Pure top-line growth hurdle with zero profitability or per-share condition, still working through the share count",False,RF-CAP-004,Confirm remaining legacy-tranche exposure and 2026-2029 exercise activity
03-010,DHER,2026-08-12,03_incentives-and-compensation,Performance Metrics,Legacy LTIP actual achievement vs 20% target (illustrative tranches),Red,82,% actual CAGR vs 20% target (Tranche 2018),FY2017-FY2020 performance period,"Similar pattern Tranches 2019-2021 (90%, 80%, 52% actual)","Consistently cleared, easily",No peer set,NA,1,10,-5,5,High,"FY24 Annual Report, Compensation Report 2024, p.53",S1,Annual filing,2025-04-25,2025-04-25,Every disclosed tranche beat the 20% CAGR bar by a wide margin during years of multi-billion-euro net losses and heavy dilutive capital raises,False,,"None (historical, informational)"
03-011,DHER,2026-08-12,03_incentives-and-compensation,Pay vs Performance,STI/LTI settlement form (cash vs shares),Green,1,Supervisory Board intends share settlement,FY2024 onward,Same,Stable,No peer set,NA,6,10,0,4,Medium,"FY24 Annual Report, Compensation Report 2024, p.46, p.49",S1,Annual filing,2025-04-25,2025-04-25,Real equity exposure with multi-year deferral rather than immediate cash bonuses,False,,None
03-012,DHER,2026-08-12,03_incentives-and-compensation,Pay vs Performance,Malus and clawback coverage,Green,1,STI+LTI covered since FY2024,FY2024,Narrower pre-FY2024,Improving,No peer set,NA,7,10,0,5,Medium,"FY24 Annual Report, Compensation Report 2024, p.42, p.59",S1,Annual filing,2025-04-25,2025-04-25,Coverage extended; not triggered in FY2024,False,,None
03-013,DHER,2026-08-12,03_incentives-and-compensation,Pay vs Performance,Maximum compensation cap (CEO),Green,12000,"kEUR, statutory cap",FY2024 onward,Same,Stable,No peer set,NA,6,10,0,5,Low,"FY24 Annual Report, Compensation Report 2024, p.42-43",S1,Annual filing,2025-04-25,2025-04-25,Transparent ceiling well above amounts actually granted,False,,None
03-014,DHER,2026-08-12,03_incentives-and-compensation,Pay vs Performance,CEO pay vs a peer data point (Just Eat Takeaway CEO),Amber,1.6,"EURm, FY2023 (unverified web estimate)",FY2023,,,Just Eat Takeaway (smaller-revenue peer),Worse,3,10,-1,2,Low,"Web: simplywall.st, retrieved 2026-08-12 (unverified)",S5,Web,2026-08-12,2026-08-12,Single unverified peer point; no rigorous size-adjusted benchmarking available in the pool,False,,Source a proper size-adjusted peer comp table if available
03-015,DHER,2026-08-12,03_incentives-and-compensation,Pay vs Performance,FY2023 Compensation Report say-on-pay vote,Green,93.05,% approval,AGM Jun 19 2024 (covering FY2023),,,No peer set,NA,8,10,0,5,Medium,"FY24 Annual Report, Compensation Report 2024, p.40",S1,Annual filing,2025-04-25,2024-06-19,"High shareholder support, no material opposition signal",False,,Confirm FY2024 vote outcome once available
03-016,DHER,2026-08-12,03_incentives-and-compensation,Pay vs Performance,FY2024 Compensation Report say-on-pay vote,Insufficient Data,,,Scheduled AGM Jun 18 2025,93.05% (FY2023),Not yet available,No peer set,NA,,,,1,Medium,"FY24 Annual Report, Compensation Report 2024, p.40",S1,Annual filing,2025-04-25,2025-04-25,Vote occurs after this Annual Report's publication date; outcome not in the pool,False,,Obtain the Jun 18 2025 AGM voting-results disclosure
03-017,DHER,2026-08-12,03_incentives-and-compensation,Pay vs Performance,One-time deviation from approved compensation-system ratios (Vandepitte),Amber,29.51,% fixed vs 10-25% approved band,FY2024,"Within band, all prior years",One-off deviation,No peer set,NA,4,10,-2,5,Medium,"FY24 Annual Report, Compensation Report 2024, p.59-60",S1,Annual filing,2025-04-25,2025-04-25,"Transparently disclosed and operationally justified, but shows willingness to deviate from the AGM-approved system",False,,Confirm no repeat deviations in FY2025
03-018,DHER,2026-08-12,03_incentives-and-compensation,Pay vs Performance,Change-of-control full-vesting acceleration on Management Board resignation,Red,1,Unconditional full acceleration of all unvested STI/LTI on CoC resignation,"FY2024 contractual terms, live given the pending Uber offer",Same terms pre-date the Uber process,Live/material,No peer set,NA,2,10,-6,5,Critical,"FY24 Annual Report, Compensation Report 2024, p.39-40",S1,Annual filing,2025-04-25,2025-04-25,"Creates a direct personal financial incentive for Management Board members to see a change-of-control transaction complete, independent of the per-share price achieved for other shareholders",True,RF-CAP-001,Confirm whether the Supervisory Board negotiated price-linked conditionality into the Uber transaction terms that offsets this acceleration incentive
03-019,DHER,2026-08-12,03_incentives-and-compensation,Comp Structure,Marie-Anne Popp (current CFO) FY2024 target-compensation disclosure,Insufficient Data,,,FY2024,,,No peer set,NA,,,,2,Medium,"FY24 Annual Report, Note 10(a), p.207",S1,Annual filing,2025-04-25,2025-04-25,Not yet a Management Board member during FY2024; no comp table row exists in this filing,False,,Obtain FY2025 Compensation Report for her comp structure
03-020,DHER,2026-08-12,03_incentives-and-compensation,Pay vs Performance,Group-wide share-based-compensation expense trend (dilution context),Amber,171.1,EURm (FY2024),FY2024,325.9 (FY2022 peak); 224.1 (FY2025),"Volatile, non-declining",No peer set,NA,4,10,-1,4,Medium,"Delivery-Hero-SE-XTRA-DHER-Financials.xls, Income Statement tab",S2,Data-vendor workbook,2026-08-10,2026-08-10,Equity-heavy incentive design at scale continues to generate real dilution; FY2025 uptick reverses the FY2023-24 decline,False,,Track FY2026 SBC expense and outstanding share count
04-001,DHER,2026-08-12,04_ownership-and-insider-behavior,Ownership,"Is a >10%-voting-rights holder disclosed, and is the exact % itemized?",Amber,0,% itemized (threshold-only disclosure),Dec-31-2024,N/A,Not enough history,No peer set,NA,5,10,-2,5,Medium,"FY24 Annual Report, ""Shareholdings exceeding 10% of voting rights,"" p.32-33",S1,Annual filing,2025-04-25,2025-04-25,Naspers/MIH disclosed as sole >10% holder but exact percentage is not reproduced in the pool text,False,,Confirm exact % via a WpHG voting-rights notification
04-002,DHER,2026-08-12,04_ownership-and-insider-behavior,Ownership,Aggregate Management Board share ownership at period end,Amber,0.38,% of subscribed capital,Dec-31-2024,N/A,Not enough history,No peer set,NA,5,25,-3,5,High,"FY24 Annual Report, p.32",S1,Annual filing,2025-04-25,2025-04-25,Thin insider ownership for a founder-led company,False,,Confirm if this figure changed materially at FY2025 year-end
04-003,DHER,2026-08-12,04_ownership-and-insider-behavior,Ownership,Is Management Board equity bought (cash) or granted (compensation)?,Red,0,qualitative (% evidenced as open-market purchase),FY2024,N/A,Not enough history,No peer set,NA,3,15,-5,4,High,"FY24 Annual Report, Compensation Report, pp.~2160-2521, 9750-9865",S1,Annual filing,2025-04-25,2025-04-25,"All disclosed Management Board equity traces to compensation programs, not a disclosed cash purchase",False,,Check for any disclosed open-market executive purchases in a future filing
04-004,DHER,2026-08-12,04_ownership-and-insider-behavior,Insider Transactions,Is a PDMR (insider) buy/sell transaction log present in the pool?,Insufficient Data,0,count of transactions disclosed,2025-2026,N/A,Not enough history,No peer set,NA,,,,5,High,"FY24 Annual Report, p.32 (references Art. 19(11) MAR obligation, no transaction table)",S1,Annual filing,2025-04-25,2025-04-25,"A genuine data gap, not a clean record",False,,Pull the company's own PDMR disclosure page or BaFin filings for 2025-2026
04-005,DHER,2026-08-12,04_ownership-and-insider-behavior,Pledging,Is any insider or strategic-holder share pledge disclosed?,Green,0,% of holding pledged,FY2024,N/A,Stable,No peer set,NA,9,20,0,5,Critical,FY24 Annual Report (absence of disclosure); business-model/01_disqualifier-scan.md,S3,Cross-module,2026-08-12,2025-04-25,No pledging disclosed anywhere in the pool,False,,None
04-006,DHER,2026-08-12,04_ownership-and-insider-behavior,Control Structure,Dual-class / super-voting shares?,Green,0,count of share classes beyond ordinary,FY2024,N/A,Stable,No peer set,NA,5,5,0,5,Medium,"FY24 Annual Report, p.32",S1,Annual filing,2025-04-25,2025-04-25,"Single class, one vote per share",False,,None
04-007,DHER,2026-08-12,04_ownership-and-insider-behavior,Control Structure,Acquirer's pre-completion economic exposure to DHER,Amber,37,% economic exposure,2026-07-16,N/A,Increasing (deal in progress),No peer set,NA,4,10,-1,3,Critical,"Uber Technologies, Inc., Delivery Hero SE - M&A Call, Jul 16, 2026, p.7",S2,Deal/M&A transcript,2026-07-16,2026-07-16,"A live, material control-structure event",False,,Track completion/regulatory approval timeline into H2 2027
04-008,DHER,2026-08-12,04_ownership-and-insider-behavior,Control Structure,Reference shareholder's irrevocable tender commitment,Amber,1,qualitative (full remaining stake committed),2026-07-16,N/A,New event,No peer set,NA,4,10,-1,3,Critical,"Uber Technologies, Inc., Delivery Hero SE - M&A Call, Jul 16, 2026, p.4",S2,Deal/M&A transcript,2026-07-16,2026-07-16,Prosus's full irrevocable commitment materially de-risks deal completion for Uber,False,,Confirm final tender-offer acceptance rate and any squeeze-out outcome
04-009,DHER,2026-08-12,04_ownership-and-insider-behavior,Control Structure,Board-nomination rights tied to a major shareholder,Amber,1,"Supervisory Board seat, vacated","May 1-Dec 31, 2024",FY2023,Deteriorating,No peer set,NA,5,10,-2,5,Medium,"FY24 Annual Report, Note 10(b), p.207",S1,Annual filing,2025-04-25,2025-04-25,Prosus's board seat lapsed at year-end 2024 with no disclosed successor,False,,Confirm current Supervisory Board composition
04-010,DHER,2026-08-12,04_ownership-and-insider-behavior,Ownership (web context),Naspers/Prosus historical stake and 2026 divestitures,Insufficient Data,16.8,"% (residual stake, web-sourced)",2026-05 to 2026-07,"~26.5% (pre-2026, web-sourced)",Deteriorating (full exit in progress),No peer set,NA,,,,2,High,"Web: Prosus press releases, Reuters (via TradingView), Bloomberg, retrieved 2026-08-12 (unverified)",S6,Web,2026-08-12,2026-08-12,Not sourced to a pool filing - reported as labeled context only; does not trigger RF-OWN-003,False,,Confirm via a pool-sourced WpHG notification or BaFin filing
04-011,DHER,2026-08-12,04_ownership-and-insider-behavior,Ownership (web context),Activist fund (Aspex Management) stake-build and demands,Insufficient Data,15,"% (approximate, web-sourced)",2026-05,N/A,New position,No peer set,NA,,,,2,High,"Web: Reuters (via sahmcapital/TradingView), ESM Magazine, retrieved 2026-08-12 (unverified)",S7,Web,2026-08-12,2026-08-12,Not sourced to a pool filing - caps the recent insider behavior score component per F20 gating,False,,Confirm via a pool-sourced regulatory filing
04-012,DHER,2026-08-12,04_ownership-and-insider-behavior,Market Conduct,Timing gap between Aspex's purchase price and the eventual takeover offer price,Insufficient Data,89,"% implied gap (EUR22.00 to EUR41.50/share, both web-sourced)",2026-05 to 2026-07,N/A,N/A,No peer set,NA,,,,2,High,"Web: Reuters (via sahmcapital/TradingView), Bloomberg, retrieved 2026-08-12 (unverified)",S9,Web,2026-08-12,2026-08-12,"A striking price gap but web-sourced only and involving an outside activist, not a company insider; does not trigger RF-MKT-001/002",False,,Confirm via a pool-sourced trading/price data refresh
04-013,DHER,2026-08-12,04_ownership-and-insider-behavior,Ownership (web context),Founder-CEO's announced departure amid activist pressure,Insufficient Data,1,qualitative (announced departure),2026-05 (reported),N/A,New event,No peer set,NA,,,,2,High,"Web: Bloomberg, Delivery Hero newsroom, MarketScreener, retrieved 2026-08-12 (unverified)",S8,Web,2026-08-12,2026-08-12,"Would materially change the founder-CEO continuity read if confirmed, but is web-sourced only in this pool and must not be treated as a pool-verified fact by this module",False,,Confirm via a future Annual Report / ad-hoc disclosure in the pool
04-014,DHER,2026-08-12,04_ownership-and-insider-behavior,Control Structure,Unaligned-owner test (Filter 6),Not Applicable,0,qualitative,2026-08-12,N/A,N/A,No peer set,NA,,,,4,Medium,Inference from Sections 1 and 4 - not from filings,,Inference,2026-08-12,2026-08-12,No current controlling owner exists; flagged as a forward risk if the tender offer completes without a full squeeze-out,False,,Track deal-completion structure and any squeeze-out threshold outcome
05-001,DHER,2026-08-12,05_board-and-shareholder-rights,Board Composition,Supervisory Board size and structure,Not Applicable,8,members (4 shareholder + 4 employee reps),FY2024,6 members,Increased,No peer set,NA,,,,5,Medium,"FY24 Annual Report, p.12-13",S1,Annual filing,2025-04-25,2025-04-25,"German codetermination-mandated structure, not a discretionary governance choice",False,,None
05-002,DHER,2026-08-12,05_board-and-shareholder-rights,Board Composition,Chair/CEO split,Green,1,structural split (two-tier board),FY2024-2026,Same since 2018 SE conversion,Stable,No peer set,NA,9,10,0,5,Medium,"FY24 Annual Report, p.13, p.17",S1,Annual filing,2025-04-25,2025-04-25,Legally guaranteed separation under the German dual-board system,False,,None
05-003,DHER,2026-08-12,05_board-and-shareholder-rights,Board Composition,Shareholder-representative independence quota met?,Amber,1,of 4 shareholder reps individually named independent,FY2024,N/A,Stable,No peer set,NA,5,10,-3,3,Medium,"FY24 Annual Report, p.14, p.25-26, p.29",S1,Annual filing,2025-04-25,2025-04-25,Compliance is asserted at board level but individual evidentiary detail is thin in the extracted text,False,,Confirm individual independence marks via the Company's published qualification matrix
05-004,DHER,2026-08-12,05_board-and-shareholder-rights,Board Composition,Audit Committee chair independence from controlling shareholders per GCGC,Amber,1,Audit Committee Chair also Prosus Group operating partner,FY2024,N/A,Resolved by departure,No peer set,NA,4,10,-3,4,Medium,"FY24 Annual Report, p.14, p.207",S1,Annual filing,2025-04-25,2025-04-25,Does not breach the letter of the GCGC rule but is a real independence-quality question for the period it existed,False,,Director departed; monitor future Audit Committee chair appointments
05-005,DHER,2026-08-12,05_board-and-shareholder-rights,Board Composition,Audit Committee composition and financial-expertise requirement,Green,2,of 3 members independent per Sections 100(5)/107(4) AktG,FY2024,N/A,Stable,No peer set,NA,8,10,0,5,Medium,"FY24 Annual Report, p.14, p.29",S1,Annual filing,2025-04-25,2025-04-25,Statutory financial-expertise requirement is met and documented,False,,None
05-006,DHER,2026-08-12,05_board-and-shareholder-rights,Tenure & Refreshment,"Supervisory Board churn, FY2024",Red,5,of 8 seats changed,FY2024,FY2023,Deteriorating,No peer set,NA,2,10,-6,5,High,"FY24 Annual Report, p.13, p.17; 01_management-and-track-record.md §2",S1,Annual filing,2025-04-25,2025-04-25,Roughly half the board turning over in one year is a continuity risk regardless of individual reasons,False,,Track board-composition stability in the next Annual Report
05-007,DHER,2026-08-12,05_board-and-shareholder-rights,Tenure & Refreshment,Average director tenure,Amber,2.5,"years (weighted, approximate)",2024-12-31,N/A,Skewed young by 2024 refresh,No peer set,NA,5,10,-2,3,Low,"FY24 Annual Report, p.25",S1,Annual filing,2025-04-25,2025-04-25,Reflects the FY2024 churn more than a deliberate staggered-refreshment policy,False,,None
05-008,DHER,2026-08-12,05_board-and-shareholder-rights,Tenure & Refreshment,Term/age limits in place,Green,12,year term limit / 70 year age limit,FY2024,N/A,Stable,No peer set,NA,6,10,0,4,Low,"FY24 Annual Report, p.25",S1,Annual filing,2025-04-25,2025-04-25,Soft caps limit the strength of this protection since deviations are permitted,False,,None
05-009,DHER,2026-08-12,05_board-and-shareholder-rights,Tenure & Refreshment,Overboarding among directors serving at report date,Green,0,current directors with excessive concurrent mandates,FY2024,Patrick Kolek (departed) held 5+ mandates,Improved,No peer set,NA,7,10,0,3,Low,"FY24 Annual Report, p.207",S1,Annual filing,2025-04-25,2025-04-25,The one overboarded director left the board before the current period,False,,None
05-010,DHER,2026-08-12,05_board-and-shareholder-rights,Related-Party Transactions,RPT expenses as % of FY2024 revenue,Green,0.23,"% (EUR28.4m / EUR12,294.7m)",FY2024,~0.26% (FY2023),"Stable, immaterial",No peer set,NA,9,10,0,5,Low,"FY24 Annual Report, Note 10(d), p.208; business-model/01_disqualifier-scan.md §1",S1,Annual filing,2025-04-25,2025-04-25,Well under the module's Low-materiality threshold,False,,None
05-011,DHER,2026-08-12,05_board-and-shareholder-rights,Related-Party Transactions,RPT approval governance,Green,1,Audit Committee Section 111b AktG approval authority,FY2024,N/A,Stable,No peer set,NA,8,10,0,5,Low,"FY24 Annual Report, p.29",S1,Annual filing,2025-04-25,2025-04-25,"A real, not nominal, approval gate exists",False,,None
05-012,DHER,2026-08-12,05_board-and-shareholder-rights,Related-Party Transactions,Key-management-personnel remuneration disclosure completeness,Green,4.0,"EURm (2.7m MB + 1.3m SB, FY2024)",FY2024,3.4m (FY2023),Rising,No peer set,NA,8,10,0,5,Low,"FY24 Annual Report, Note 10(c), p.207-208",S1,Annual filing,2025-04-25,2025-04-25,Fully quantified and audited,False,,None
05-013,DHER,2026-08-12,05_board-and-shareholder-rights,Takeover Defenses & Voting,Dual-class / unequal voting present?,Green,0,share classes beyond the single class,FY2024,N/A,Stable,No peer set,NA,10,10,0,5,High,"FY24 Annual Report, p.33",S1,Annual filing,2025-04-25,2025-04-25,"One share, one vote - a genuinely minority-protective structure",False,,None
05-014,DHER,2026-08-12,05_board-and-shareholder-rights,Takeover Defenses & Voting,Poison pill / defensive share-issuance authorization present?,Green,0,disclosed defensive mechanism,FY2024,N/A,Stable,No peer set,NA,9,10,0,4,Medium,"FY24 Annual Report, p.32-39",S1,Annual filing,2025-04-25,2025-04-25,No entrenchment machinery found; WpUG board-neutrality rule limits unilateral defense,False,,None
05-015,DHER,2026-08-12,05_board-and-shareholder-rights,Takeover Defenses & Voting,Director election voting standard,Green,1,majority-of-votes-cast standard,FY2024,N/A,Stable,No peer set,NA,8,10,0,4,Medium,"FY24 Annual Report, p.33",S1,Annual filing,2025-04-25,2025-04-25,Consistent with German AktG standard,False,,None
05-016,DHER,2026-08-12,05_board-and-shareholder-rights,Takeover Defenses & Voting,Shareholder right to call a meeting / add agenda items,Insufficient Data,,,FY2024,,,No peer set,NA,,,,1,Low,"Not in pool - general AktG Section 122 background (inference, not from filings)",,Inference,2026-08-12,2026-08-12,Cannot confirm company-specific mechanics from this pool,False,,Locate the Articles of Association's specific provision if a future filing includes it
05-017,DHER,2026-08-12,05_board-and-shareholder-rights,Takeover Defenses & Voting,Change-of-control equity acceleration for Management Board,Amber,1,full immediate vesting of RSUs/PSUs/options on change-of-control resignation,FY2024,N/A,Now live given the Uber tender,No peer set,NA,5,10,-2,5,High,"FY24 Annual Report, p.39-40",S1,Annual filing,2025-04-25,2025-04-25,"A real conflict of interest for management as the Uber deal proceeds, though disclosed and standard-form",False,,Monitor Management Board conduct/disclosure through deal completion
05-018,DHER,2026-08-12,05_board-and-shareholder-rights,Shareholder Voting,"AGM say-on-pay approval, Compensation Report 2023",Green,93.05,% approval,2024 AGM,N/A,,No peer set,NA,8,10,0,5,Medium,"FY24 Annual Report, p.41",S1,Annual filing,2024-06-19,2024-06-19,Opposition well under the module's >20% high-opposition threshold,False,,None
05-019,DHER,2026-08-12,05_board-and-shareholder-rights,Shareholder Voting,Breadth of AGM voting-results disclosure in this pool,Amber,1,of an unknown total number of 2024 AGM resolutions disclosed,2024 AGM,,,No peer set,NA,4,10,-2,2,Medium,"FY24 Annual Report, p.41",S1,Annual filing,2025-04-25,2025-04-25,Cannot rule out higher opposition on other resolutions not reproduced here,False,,Pull the full AGM voting-results table from the Company's website
05-020,DHER,2026-08-12,05_board-and-shareholder-rights,Shareholder Voting,"Five-year dilution, shares outstanding",Amber,49.6,"% increase (199.3m to 298.2m, 2020-2025), zero buybacks",FY2020-FY2025,,Deteriorating,No peer set,NA,4,10,-3,5,High,business-model/11_capital-allocation-governance.md §1,S4,Cross-module,2026-08-12,2026-08-12,"Real, cumulative dilution cost to existing shareholders",False,,Track FY2026 share count
05-021,DHER,2026-08-12,05_board-and-shareholder-rights,Minority-Shareholder Protection,Forward risk: post-closing squeeze-out / domination-agreement exposure from the Uber tender,Red,1,"live process, Uber economic stake stated to reach >50%",2026-07-16,N/A,Emerging,No peer set,NA,1,10,-6,4,Critical,"Uber Technologies, Inc., Delivery Hero SE - M&A Call, Jul 16 2026, p.8",S2,Deal transcript,2026-07-16,2026-07-16,The single biggest forward risk to remaining minority holders,False,RF-OWN-004 (not yet triggered - monitor at deal close),Track tender-acceptance level and any squeeze-out or domination-agreement announcement
05-022,DHER,2026-08-12,05_board-and-shareholder-rights,Disqualifier Deference,Auditor going-concern note (Glovo Spain) - board/shareholder-rights relevance,Not Applicable,1,hard disqualifier already adjudicated upstream,FY2024,N/A,,No peer set,NA,,,,5,Critical,business-model/01_disqualifier-scan.md §1-3,S3,Cross-module,2026-08-12,2025-04-25,"Not a board-structure defect, but caps the overall stewardship verdict downstream",False,,None - owned by business-model/01_disqualifier-scan
06-001,DHER,2026-08-12,06_candor-and-disclosure-quality,Owning the Misses,FY2025 FCF miss communicated candidly on direct Q&A pressure?,Amber,1,qualitative,FY2025 call,,Mixed,No peer set,NA,5,10,-2,4,High,"FY2025 Earnings Call transcript, Mar 26 2026, p.5, p.7",S1,Earnings transcript,2026-03-26,2026-03-26,"Direct Q&A answer given, but unprompted framing omits the ~EUR600-650m normalized gap",False,,Track FY2026 FCF guidance language
06-002,DHER,2026-08-12,06_candor-and-disclosure-quality,Owning the Misses,Was the absolute FY2025 statutory net loss spoken aloud in prepared remarks?,Red,0,binary,FY2025 call,FY2024,Deteriorating disclosure practice,No peer set,NA,2,10,-5,5,High,"FY2025 Earnings Call transcript, Mar 26 2026, p.5",S1,Earnings transcript,2026-03-26,2026-03-26,Only the EUR183m YoY improvement delta was verbalized; the EUR782.9m loss base was never stated,True,RF-DISC-001,Check FY2026 call for whether absolute net result is stated
06-003,DHER,2026-08-12,06_candor-and-disclosure-quality,Owning the Misses,Was the path-to-profitability claim qualified as Adjusted-EBITDA-specific vs GAAP?,Red,0,binary,FY2025 call,,,No peer set,NA,2,10,-5,4,High,"FY2025 Earnings Call transcript, Mar 26 2026, p.4",S1,Earnings transcript,2026-03-26,2026-03-26,Profitable-growth claim rests entirely on Adjusted EBITDA; GAAP operating profit unmentioned,True,RF-DISC-001,None
06-004,DHER,2026-08-12,06_candor-and-disclosure-quality,Non-GAAP Aggressiveness,Goodwill impairment recurring every year (5 of 5)?,Red,5,of 5 fiscal years,FY2021-2025,,Persistent,No peer set,NA,1,10,-6,5,High,earnings/06_earnings-quality.md §5,S4,Cross-module,2026-08-12,2026-08-12,Never a genuine one-off given its recurrence,True,RF-DISC-002,Monitor FY2026
06-005,DHER,2026-08-12,06_candor-and-disclosure-quality,Non-GAAP Aggressiveness,GAAP-to-Adjusted EBITDA gap as pct of adjusted figure,Red,66,pct (FY2025); >100 pct (FY2024),FY2025,FY2024,Persistently large,No peer set,NA,2,10,-6,5,High,"earnings/06_earnings-quality.md §4, §7",S4,Cross-module,2026-08-12,2026-08-12,Far above the 15pct-of-GAAP-earnings scrutiny threshold,True,RF-DISC-002,None
06-006,DHER,2026-08-12,06_candor-and-disclosure-quality,Disclosure Transparency,FCF definition changed to exclude extraordinary outflows effective Jan 1 2025,Amber,1,binary,FY2025,FY2024,Reduced comparability,No peer set,NA,3,10,-4,4,High,FY24 Annual Report footnote 13; earnings/06_earnings-quality.md §5,S3,Annual filing,2025-04-25,2026-08-12,Comparability-reducing change adopted the year exclusions first mattered most,False,,Watch FY2026 audited filing
06-007,DHER,2026-08-12,06_candor-and-disclosure-quality,Disclosure Transparency,Segment profit disclosed only on adjusted basis with large unallocated bridge,Amber,683.0,EURm unallocated bridge,FY2024-2025,,Persistent,No peer set,NA,4,10,-3,4,Medium,business-model/12_red-flags-sweep.md,S7,Cross-module,2026-08-12,2026-08-12,Limits segment-level GAAP transparency,False,,None
06-008,DHER,2026-08-12,06_candor-and-disclosure-quality,Q&A Transparency,Was the FCF-exclusion methodology answered directly when pressed?,Green,1,binary,FY2025 call,,,No peer set,NA,8,10,0,4,Medium,"FY2025 Earnings Call transcript, Mar 26 2026, p.7",S1,Earnings transcript,2026-03-26,2026-03-26,"Specific, non-evasive answer given on request",False,,None
06-009,DHER,2026-08-12,06_candor-and-disclosure-quality,Q&A Transparency,Was the Korea 40pct order-growth data point handled directly or deflected?,Amber,1,binary,FY2025 call,,,No peer set,NA,5,10,-2,4,Low,"FY2025 Earnings Call transcript, Mar 26 2026, p.8",S1,Earnings transcript,2026-03-26,2026-03-26,"Initial deflection as external data, then downplayed own press-released figure once corrected",False,,None
06-010,DHER,2026-08-12,06_candor-and-disclosure-quality,Q&A Transparency,Was the Uber process-overhang question answered plainly?,Green,1,binary,FY2025 call,,,No peer set,NA,8,10,0,4,Medium,"FY2025 Earnings Call transcript, Mar 26 2026, p.7",S1,Earnings transcript,2026-03-26,2026-03-26,"Direct, non-spun answer",False,,None
06-011,DHER,2026-08-12,06_candor-and-disclosure-quality,Disclosure Timeliness,Age of most recent audited annual filing vs most recent transcript,Amber,15.6,months (filing) vs 4.6 months (transcript),2026-08-12,,,No peer set,NA,6,10,-2,5,Medium,00_governance-data-triage.md §5C,S8,Cross-module,2026-08-12,2026-08-12,No FY2025 audited annual report in the pool yet,False,,Confirm FY2025 Annual Report publication timing
06-012,DHER,2026-08-12,06_candor-and-disclosure-quality,Specificity vs Boilerplate,Are operating KPIs disclosed with genuine specificity?,Green,1,qualitative,FY2025-Q1 2026 calls,,,No peer set,NA,7,10,0,4,Medium,FY2025 Earnings Call transcript p.4-6; Q1 2026 call p.4-6,S1,Earnings transcript,2026-04-30,2026-04-30,"Specific, checkable operating metrics disclosed each period",False,,None
06-013,DHER,2026-08-12,06_candor-and-disclosure-quality,Disclosure Transparency,Genuine transparency point: SASB data-breach disclosure,Green,8,breaches disclosed,FY2024,,,No peer set,NA,7,10,0,4,Medium,"FY24 Annual Report, SASB Index, p.241",S3,Annual filing,2025-04-25,2025-04-25,A disclosure most companies would omit,False,,None
